l_neighborhood,deal_price,area_size,meter_price,lng,lat,uuid,rs_score
rd,1080000,350.0,3086,46.7570458,24.7272769,c1442e7b-ddd2-48db-b7c4-79d49412754e,0.2132
ml,11000000,560.0,19643,46.6135725,24.8011131,eaab2273-b0da-407f-a0e2-170b94f19d9d,0.7886
ml,4590000,600.0,7650,46.5944825,24.7943267,2be6d20a-bf6d-4a32-8459-d80deb18979a,0.7518
ml,41760000,2610.0,16000,46.6272842,24.7990219,1f0a475e-4d34-42ce-af59-de8cebe00664,0.7992
nr,2000000,500.0,4000,46.6568976,24.8852713,4fc312b5-bbe7-4f45-9c22-25a5ad94ae79,0.6514
shf,1110000,750.0,1480,46.7138029,24.5729787,9740b522-97c5-4013-87f3-da0428a39ab2,0.6973
rd,3000000,990.0,3030,46.773574,24.7361468,db9aeae1-242c-4227-8105-fd0b44735451,0.1647
shf,700000,440.0,1591,46.6938224,24.5628939,8e037bac-8fc5-41ba-9c05-71632ca20633,0.7102
rd,1570000,471.0,3333,46.775922,24.7401678,a8575137-592c-4e26-9572-a9686827c176,0.1649
ml,421538,625.0,674,46.6228688,24.7983353,042d5f09-3524-4ec7-8918-0e52ee8f4e00,0.8043
nr,5200000,877.5,5926,46.6655723,24.8588076,60b11a9e-de5a-4ee8-b2b3-1a6380e4cca2,0.7596
shf,1123835,275.0,4087,46.7118982,24.5748609,630887d0-215b-40c4-8186-f1b75ef8d269,0.7064
ml,5000000,745.88,6703,46.6206349,24.8033547,bc5aa271-de4f-4f49-85e7-0c4bcd425513,0.7986
nr,1720000,430.0,4000,46.6574093,24.8861146,520204ff-769a-43ed-b91c-f31c5e8a8a35,0.6456
rd,2200000,750.0,2933,46.7637753,24.7318161,c4265068-baf4-4fa3-b106-4112f2222c2f,0.2011
ml,37000000,900.0,41111,46.6260504,24.8017843,015f3235-3de2-45d8-8231-811eda82dd19,0.806
rd,1550000,450.0,3444,46.7685914,24.7315505,cb705723-aecf-4e85-bd83-434054ad4334,0.1742
shf,804000,525.0,1531,46.6953854,24.5546573,4ebcbdb4-35ae-4f5f-a163-5b9e01baab30,0.7173
ml,4875000,750.0,6500,46.6107832,24.8159332,7b621b12-6d66-4959-af7d-1e8312b7b06d,0.8037
ml,2701000,379.5,7117,46.5869122,24.7866091,eb2ecce4-3a6f-4212-822f-cffd2314e16a,0.719
nr,2250000,450.0,5000,46.6571497,24.8715084,9e5c621c-33e8-4015-a905-f73c5c03f6fd,0.7242
tn,4340711,782.0,5551,46.6917357,24.7712128,a3af30df-9bee-4808-9895-ba3ca4c9f7ff,0.7147
shf,500000,750.0,667,46.6841422,24.5562014,ff5d8143-8a67-41b2-bf2b-0c8e1f36b873,0.7012
shf,390221,750.0,520,46.6957811,24.5508637,6434ba2d-350b-4545-83aa-89033cffeeed,0.722
ml,12164286,667.04,18236,46.5939576,24.7929698,24069373-3fd9-47be-ab8b-16d88df4f561,0.746
nr,1740006,300.0,5800,46.678216,24.8219619,6c18f814-8385-43ce-a49b-60036957fa4d,0.7778
ml,4469456,720.88,6200,46.6148043,24.8041607,29296280-ad43-48f3-8fe7-9c73de069f0a,0.7979
shf,950000,600.0,1583,46.6883808,24.5615089,479c21b3-c40c-4773-9ae0-c973b614a96a,0.7002
rd,7227000,1980.0,3650,46.7600706,24.7210798,92abfb7c-4b90-4bbd-ad67-4279184263a7,0.1673
ml,8700000,560.0,15536,46.6137522,24.8011885,34bf4563-fba3-440e-91d4-5dc6a4466f3f,0.7891
shf,191667,125.0,1533,46.6923632,24.5529187,b47e32de-dc13-4595-8ba1-35148a3b1f9a,0.7133
shf,500000,640.0,781,46.6912286,24.5689301,77b20d52-c4a9-4e98-ae98-ccfad37adec9,0.7207
ml,2281500,351.0,6500,46.5709908,24.7838799,265227ca-4646-4b88-855d-efb910ea476d,0.6529
rd,2700000,900.0,3000,46.7653624,24.7357852,64130f3c-4be1-465b-9dd4-db0a172e4696,0.2094
tn,2200000,372.5,5906,46.6975281,24.7758903,323c0fb5-0b82-4778-8f47-5dec6f18ecb9,0.7049
rd,1215000,400.0,3038,46.7641425,24.7371048,5505e687-3d85-48ed-b2b6-b8d0c9ce02b8,0.2215
ml,1200000,1125.0,1067,46.6083553,24.793669,f2709c44-f4d0-4c28-8357-ab37ec28bd41,0.7753
ml,3000000,300.0,10000,46.5895647,24.8016168,8c4960c6-a178-4246-868b-1bb5d76b214f,0.7492
nr,1425600,360.0,3960,46.6544559,24.8477027,288da386-d14c-4dd2-86ff-ec931e7f781b,0.7542
nr,3097140,755.4,4100,46.6570417,24.8598058,7e3ec900-a236-4618-a99f-21a414b8abde,0.7609
rd,1925000,630.0,3056,46.7715053,24.7437028,b425ec43-b7d2-41d6-88c5-5c8bc0a1408d,0.2025
ml,6500000,1170.0,5556,46.6188039,24.8123762,be11d81b-6bcf-4796-a317-b40173903b0e,0.792
ml,103394922,4125.0,25065,46.620041,24.812698,eba624c9-5fd9-47e9-a0e4-f13391cea7be,0.7897
ml,4095000,546.0,7500,46.5691415,24.7906606,75237733-8c2e-4e47-b591-ab3ab1191cfc,0.636
nr,9108000,1980.0,4600,46.6280843,24.9021355,0f20d2cc-2b9e-49fc-b4bf-af59d74aeeae,0.553
rd,333333,210.0,1587,46.7701986,24.7321825,9cb9e1a6-8296-432a-a4de-fc2bbd40f983,0.1681
shf,787500,450.0,1750,46.6937181,24.5657618,61a7e037-6142-4c50-a70c-8b39ffca6eff,0.7162
ml,1669750,425.0,3929,46.621041,24.792231,8e451f19-1b52-4864-893c-6b0b6409247a,0.7903
ml,12200000,900.0,13556,46.6297551,24.794431,fd998edd-bfdd-4dea-8fda-6a3bc8e8d0a6,0.7889
shf,500000,702.0,712,46.6869084,24.5576181,c4682341-b3ff-4370-9e61-046308b5f088,0.7032
nr,7200000,1600.0,4500,46.65655,24.8893706,71249550-7e35-42cf-b725-9bc5c9fc5614,0.6276
nr,1557500,350.0,4450,46.6555589,24.8499785,693e4d6e-3fe5-4884-a97c-65d3379a67a9,0.7529
nr,4005000,900.0,4450,46.6772244,24.8498889,a2d19c31-7dfb-4521-b457-01030c2061e4,0.8039
nr,5200000,1225.0,4245,46.6612473,24.8658256,75a6bd45-1a26-4762-aa25-7fa9976929fa,0.7419
shf,3000000,720.0,4167,46.679821,24.5537059,12ddb2b0-1278-4e39-a759-777e8445d9d5,0.6872
nr,2631200,572.0,4600,46.6304379,24.9069336,9cb981f4-0f17-46ab-ad19-7de64bac2030,0.5406
shf,830000,640.0,1297,46.6914015,24.5676903,09368c44-23d2-45fa-b95d-85ee3100354e,0.7181
shf,800000,375.0,2133,46.6833689,24.559965,c8a1841a-dd7d-46d8-a0d7-fae4f5728b9a,0.7016
ml,29925000,5153.22,5807,46.5692198,24.7850565,892df019-d024-4497-b3a2-3b35d7990280,0.641
shf,610000,450.0,1356,46.6942104,24.5661748,26bbbc14-c7ec-45f4-84e5-57db8e32a852,0.7189
shf,940000,750.0,1253,46.6975261,24.5616258,af265179-72c8-48b3-9105-c3658930ded0,0.7214
shf,1100000,770.0,1429,46.7064629,24.5659738,938f8f81-0ea6-499c-a017-815606b2424e,0.7305
nr,1760000,440.0,4000,46.6559234,24.885369,fe0bea30-15b1-4e3b-82a5-cd8f66a6cc66,0.6526
shf,1290000,550.0,2345,46.6977198,24.5597258,34bd0e32-bea7-4cc9-800a-02fa6c603d6c,0.7184
rd,2000000,400.0,5000,46.7778057,24.7420709,59bcddeb-5280-4027-af6b-81d096511c57,0.1596
nr,1720000,430.0,4000,46.6568698,24.8858882,21b5a57d-39a7-4f96-9a4d-327b9da3191d,0.6479
tn,3312500,625.0,5300,46.6957945,24.7774567,d28f7f14-3228-47cc-9bf3-a0ca70bed023,0.7127
rd,8007888,1906.64,4200,46.7748127,24.7286512,de8e53de-f377-4ea7-98d5-48dbdabf443c,0.1283
nr,3125000,625.0,5000,46.6617496,24.8588872,5b615c5c-c6c1-4895-8d78-2397f08b2e45,0.7591
rd,3700000,720.0,5139,46.7683063,24.7237908,a66049c2-bd0b-4b3d-a2e3-0cc76ecc723c,0.1409
ml,4000000,745.0,5369,46.625877,24.8001841,441e106b-6701-4849-9ede-04b15142b629,0.8084
ml,3920400,594.0,6600,46.5691123,24.7886833,d623b52b-4a61-4b3f-a79f-3cf0509c76f6,0.6373
rd,4000000,1560.0,2564,46.7605575,24.72399,6c9e7704-5de6-490b-94f5-dae95e2b6712,0.1798
rd,1540000,650.0,2369,46.7625841,24.7440415,5a8642f1-d9c7-4d5c-8a74-8d37563032d4,0.2564
nr,1742842,363.85,4790,46.6551385,24.8493369,4d6cddbf-ac05-4ac1-b3ab-c51d8494aedf,0.7512
nr,1330560,336.0,3960,46.6565205,24.8481935,6b5f796f-d6d1-4d1c-9d26-a518a778faf1,0.7617
ml,4401000,540.0,8150,46.5953273,24.7935391,bfb3b3c9-8157-40f7-abf7-916f69cc9dbf,0.7516
rd,3427000,780.0,4394,46.760189,24.7240852,e93b93e9-b2b0-409f-9b4f-a8e90534bb1c,0.1821
ml,6825000,1050.0,6500,46.5942739,24.8173959,52333cee-854c-4782-8e33-88a92758b45f,0.7874
nr,17472000,4480.0,3900,46.6538171,24.8764194,6dcf5dc5-1c84-4bc0-84b4-1c364f411caf,0.6991
ml,15750000,1050.0,15000,46.5929507,24.8171032,65f64cb9-9a13-4bb6-bb87-ffebb052f493,0.7801
shf,2000000,900.0,2222,46.7035523,24.5646449,7f48ce63-8a99-44dd-9fb8-aed49c13ce38,0.7377
nr,1425600,360.0,3960,46.6546446,24.8477821,6a14c29d-a5d5-47d9-bbf2-a73902a317e4,0.755
tn,1728585,437.5,3951,46.6932403,24.7661954,c9ec93a6-cd57-4141-a0f3-89d22f4755e2,0.6946
nr,6120000,900.0,6800,46.6909386,24.8346572,b9df1f87-c410-460e-8cb5-a698b767e800,0.8027
shf,850000,640.0,1328,46.6910349,24.5676276,c465d26a-6711-43fd-8047-72a689fa6315,0.7171
shf,1140750,575.0,1984,46.7085854,24.5726994,9e0247f5-0d31-4136-9c11-4cbe25794ee0,0.7232
nr,3600000,742.0,4852,46.6374631,24.8883245,7b75224b-5ab0-4dcb-89b2-e361031ed228,0.6365
rd,500000,800.0,625,46.772521,24.7470269,9d0232e2-da90-48f0-b1aa-773686e107c0,0.206
shf,500000,500.0,1000,46.7118306,24.5735879,45402e33-0217-4da2-95ec-8c2079114fe5,0.7061
ml,8325000,1110.0,7500,46.6187056,24.812991,14d69d39-12f9-4c73-9288-ae50d6cc4c43,0.7888
shf,2019600,1122.09,1800,46.6941105,24.5607472,268f4569-7d8c-4aa5-bfd0-b381a4aa14aa,0.708
nr,1330560,336.0,3960,46.6552897,24.8476806,8cdfff05-c028-409d-a59e-4f7878d6a62c,0.7565
ml,1120000,200.0,5600,46.5927103,24.8162315,d3ec83b9-11ae-4330-aea2-10b76dfef4ff,0.7814
nr,6615000,1050.0,6300,46.678531,24.8374361,c409bc4a-bfaf-4d7c-aa78-0cf1402315bb,0.8323
ml,2600000,625.0,4160,46.6241413,24.7937366,897c236a-c1f4-4718-a244-79667dd490ac,0.7963
nr,1720000,430.0,4000,46.6573204,24.8862909,8d9273fc-8d32-4c9c-bdf4-798e2c7f0306,0.6447
shf,400000,242.0,1653,46.6924965,24.5692645,3fe51d66-17c8-4f0c-b46b-6cccceb51143,0.7264
rd,4100000,656.0,6250,46.7736383,24.747726,69cb6b72-22af-4df1-86c6-c0f431ecc1c5,0.201
shf,1500000,849.0,1767,46.6787486,24.5540763,1215b7d5-45e4-4800-9ff3-6b11edc66288,0.6825
nr,1330560,336.0,3960,46.6560693,24.8477073,7ce08a17-1b3c-47a9-8768-874dbb67d438,0.7591
nr,1531920,312.0,4910,46.6542879,24.8487469,03f3b862-5161-452c-af43-e01d88634a05,0.7573
shf,600000,540.0,1111,46.6941752,24.5530803,a9fdb6ef-4634-4c7a-86f1-23581f2f0bca,0.7166
shf,800000,525.0,1524,46.6853188,24.5510941,6c5b8d5f-7aa4-464e-ac4b-a6be66c5aabf,0.7033
shf,600000,350.0,1714,46.6905742,24.5655122,46190628-8c27-48c4-be8e-775bd5be61d8,0.7094
ml,2812500,450.0,6250,46.6000821,24.8096229,281c20d8-2746-4d94-b9f0-36a7c5bbca86,0.8078
nr,3017988,810.0,3726,46.6628188,24.876145,14cb9d68-ace5-40b9-a80e-ddea892afbbd,0.6969
nr,2340000,450.0,5200,46.6783488,24.8384975,ae90e120-418b-40ab-9e48-d62038c06b21,0.8308
nr,1620000,450.0,3600,46.6743834,24.8583207,b04fda89-7a08-4587-94b8-43701c27daa3,0.7607
rd,750000,450.0,1667,46.7714035,24.7449517,c7b0bdda-d7ad-4b6c-ad5b-c75c0d370fa2,0.2069
nr,6022500,1095.0,5500,46.6689146,24.8601937,f492cc52-be91-44a7-bdf3-655c9a3955d0,0.7561
shf,1000000,600.0,1667,46.6912075,24.5470447,a1202f31-4e5f-43eb-bf78-6123cf14a206,0.7077
nr,1600000,400.0,4000,46.6562215,24.8880623,59f449e1-f5ab-448f-addd-70f9637c3561,0.6363
rd,1571428,750.0,2095,46.7613733,24.7330687,41446d98-063b-4c52-8c89-a4f6666dabe8,0.2193
ml,40000000,3035.62,13177,46.5908822,24.7850274,434fc772-5c9c-46d5-b750-cbc027d217d0,0.7227
ml,4150000,560.0,7411,46.6049664,24.7910963,4e2f10c5-7ee6-487d-8732-d196053f4ff3,0.7612
ml,2723400,400.5,6800,46.5943551,24.8055921,8adec459-a4ac-4582-b630-b728f8f14dea,0.7768
rd,1925000,630.0,3056,46.7713502,24.7439122,1ef8421c-fd31-44c8-b5f7-c42a11ced9ca,0.2041
rd,3200000,750.0,4267,46.7678294,24.723019,effe9840-26c2-4538-b805-162f63f570e7,0.1396
nr,1341000,300.0,4470,46.6554719,24.8495771,9037e979-f0d8-41d2-84f2-6c7c9663a76e,0.7522
ml,7000000,1050.0,6667,46.6144429,24.8142701,8358c770-14ad-4403-8a4f-f3e71930cca4,0.7949
ml,7000000,808.5,8658,46.6079257,24.799838,3af59efe-9ebb-4768-aab0-ed724646e8bf,0.7814
nr,2620800,546.0,4800,46.6542559,24.8876199,628a2183-5a0d-4642-aa93-fde3e89bdabd,0.6421
nr,964000,450.0,2142,46.6621981,24.854877,5e4c459a-4be0-475f-b02f-1536e09b94d6,0.7649
ml,4212000,540.0,7800,46.595004,24.7934029,aa4ba7b7-710a-4806-99ce-e98f957e1a76,0.7503
nr,1621191,379.67,4270,46.653699,24.8473296,ed0abf5f-353e-4627-a2be-f43a79a7fa6d,0.7508
nr,17120298,4389.82,3900,46.6528024,24.8768796,715dc8d5-aaee-4a1a-ba21-f8db69a04ca0,0.696
nr,9108000,1980.0,4600,46.6309977,24.9033576,6caad6a7-f0a4-4f55-bccf-ff5b1819bba9,0.557
rd,4000000,570.0,7018,46.7552301,24.7398425,b042dae7-2517-4796-b1f5-ec9cf47605c7,0.2814
ml,1100000,440.13,2499,46.6240643,24.8039239,805b4435-5559-4274-94c1-b11c423c6b84,0.8006
ml,8999920,1170.0,7692,46.6185703,24.8122779,2fa7554c-0bcb-4125-add5-74b57429cae4,0.7924
rd,2310000,700.0,3300,46.7653293,24.7243908,0528362e-f32f-411b-b09e-eeb72467419f,0.1587
shf,1200000,825.0,1455,46.7062438,24.5655002,8d58c3ff-535b-47cb-a007-354bc756f848,0.7315
ml,14700000,1050.0,14000,46.5936918,24.8174151,eaae9e2f-e585-421f-95c0-758091f32322,0.784
nr,4059000,990.0,4100,46.6544766,24.8662327,b24bd2df-714d-47bf-9258-8a20cb8b1f8c,0.7452
shf,575000,575.0,1000,46.6825159,24.5576413,26a9adbb-0e61-4194-a89a-7095701c622f,0.6981
shf,1150000,796.25,1444,46.6976661,24.5663807,b5ee70e9-e949-4926-b199-c1a2f77c1951,0.7297
ml,9782500,1505.0,6500,46.6029924,24.7890969,567458fd-5957-438e-9165-41542901e18e,0.7511
ml,18558800,2319.85,8000,46.6023222,24.789566,c746b7d1-e45b-40ca-bcb6-6cb3ca402b12,0.7507
nr,1365000,300.0,4550,46.6530161,24.8486831,e0ea6cef-3732-4fb1-aa39-b3e7dc48b196,0.7545
nr,1958196,337.62,5800,46.6811686,24.8207005,96c58648-c35e-4029-9688-53db556dc826,0.7802
shf,700000,416.0,1683,46.694808,24.5599477,1cc129b3-7ec7-42b9-913a-8d0e174bad2d,0.7093
rd,2250000,750.0,3000,46.7628478,24.7318606,34b41b74-62ad-420d-8b8b-23f6a832c819,0.2062
nr,1600000,405.0,3951,46.6622865,24.8790002,e8c7b00d-28d3-422c-bf7a-51744fd127a5,0.6798
shf,1250000,720.0,1736,46.6802704,24.5539036,aab77398-6b82-4343-8fe7-2de528ea94ea,0.6893
rd,305168,387.5,788,46.7770143,24.737267,1576d6c9-b524-4ebe-b4b7-a8fc354e05a9,0.1488
shf,225000,575.0,391,46.7105176,24.5769428,b43bf22e-c770-458b-bd91-f991337f8a7f,0.7118
shf,1000000,575.0,1739,46.6790851,24.5558826,18a78c89-f22b-49d7-9bb4-7cc2eceb4f30,0.6869
ml,2800000,400.0,7000,46.5891494,24.8145393,6cd56a91-4c8f-447d-a1b7-d439ddd8b57b,0.762
nr,3307200,624.0,5300,46.6724848,24.8286626,ce682238-e482-4736-a2c8-b4459fe31629,0.7842
shf,1700000,904.5,1879,46.7020802,24.5635997,c011e96a-303b-4379-a198-2756f89d1d2a,0.734
shf,5500000,2400.0,2292,46.7018495,24.5599485,34b281f3-a428-4b1e-ba65-e326598c50f5,0.7282
ml,2723400,400.5,6800,46.5942205,24.8055351,98c4554a-ed41-4b1d-ab74-7c49794db86a,0.7763
shf,890000,500.0,1780,46.6963742,24.5543274,86704fa6-fa37-456e-8556-0a6235034766,0.719
nr,2025000,450.0,4500,46.6636253,24.8696376,924db729-1180-411d-9252-ca3f446394e6,0.7239
ml,6333600,1170.0,5413,46.6190374,24.8124745,4945a14b-ebaa-40bf-8caa-aea62053ae04,0.7916
ml,5809512,699.28,8308,46.6077964,24.7937514,5f692209-82e7-479a-a0de-55f979ed3e6f,0.7736
ml,7700000,800.0,9625,46.5829635,24.7924334,bb691854-3a5e-4306-9ff6-cf8bd34fa2f6,0.7096
tn,2300000,310.5,7407,46.6977783,24.7665347,7c179156-b8c5-4156-996e-10b55db3e605,0.6857
ml,2653280,379.04,7000,46.5879369,24.8019357,7887c7a6-3d09-4c75-92c6-7d7358b77a5d,0.7411
nr,11523000,2505.0,4600,46.627393,24.9018463,b1253c16-533d-4156-bff2-838ce70e8919,0.5524
tn,3971875,775.0,5125,46.6907731,24.7750926,0fb5f0c1-390a-414d-bcc0-cdcedaf196cf,0.7217
nr,3000000,900.0,3333,46.6575951,24.870627,638591d6-988a-49c5-9fb1-641e063f65b0,0.7259
ml,119654560,29913.64,4000,46.6065119,24.7973197,ff230037-c0b7-4aa4-b37b-de8e7ef70ec0,0.7744
tn,4000000,750.0,5333,46.7099137,24.7699975,4477016a-aae0-4a7c-908a-58046f6206d5,0.6837
tn,722000,324.0,2228,46.6977785,24.7654549,3c1823a5-9ca4-441f-a43c-180a5433b70f,0.6859
shf,567492,650.0,873,46.6835789,24.5602935,69fd8f1e-5aa1-4759-92f2-71e0f272c3e5,0.7018
nr,9108000,1980.0,4600,46.6287312,24.9024074,58b6bcc5-9cce-4952-b663-94f0cbb10b02,0.554
shf,830000,450.0,1844,46.6888605,24.5655438,8219c2f6-0456-4b1f-8184-a233cf0d1730,0.7054
rd,2404000,400.0,6010,46.7640035,24.7235592,cb51d583-8a33-450f-9009-6cc2894c5048,0.1611
shf,990000,600.0,1650,46.7153929,24.576277,e4f4a8e0-16d0-42ef-a8ab-017ca8688cfb,0.6867
rd,1525000,450.0,3389,46.7596988,24.743914,718bf75e-a5bb-4c08-a357-7b5783455a29,0.2726
nr,9108000,1980.0,4600,46.6277598,24.9019994,2b31eaaf-3bd1-4508-911a-34662f8bc566,0.5527
rd,4300000,900.0,4778,46.7624894,24.7376143,459ded49-232d-4f35-b734-e450778d1a92,0.2326
tn,2562000,420.0,6100,46.6953765,24.767099,2e8ac581-4437-4978-8375-cc2f8c43a08d,0.6922
shf,1000000,408.0,2451,46.6871633,24.5631284,7f7f1e0a-7d93-435d-b13e-dcc8b2516849,0.7004
nr,3600000,900.0,4000,46.6684136,24.8614021,891f2cfe-5e90-4cd7-bec5-bcadfe03aef4,0.7518
nr,1750000,500.0,3500,46.6571314,24.8853694,007b087a-0325-4b80-8857-13e0b2f7fb51,0.6504
nr,2205000,450.0,4900,46.6587472,24.856953,031e2023-811b-4a05-a2fe-871260929fb9,0.7643
nr,3120000,624.0,5000,46.6740645,24.8255198,4effd588-a0b3-40ce-89e8-153c73604f9a,0.7777
nr,4095000,900.0,4550,46.6637589,24.8755517,a152c6c2-5360-4d2e-898a-7ddac9bed130,0.6978
rd,2400000,630.0,3810,46.7706855,24.7407207,43592c75-9d99-48d7-b536-90fbfc932415,0.1976
rd,4209000,701.5,6000,46.7656015,24.7309449,0b824969-291e-4f94-8537-e83a270e8306,0.1876
rd,880000,416.0,2115,46.7580768,24.7278027,0ae5006b-b0a2-4c5c-bedb-579a361d3d7c,0.2109
shf,2909267,3274.5,888,46.7028021,24.5641361,11a75c50-6ab2-4a1c-8676-6341e8435e9e,0.7325
nr,1760000,440.0,4000,46.6557378,24.8854319,8337e3da-1e08-4b21-a1b6-aa2f7fcbbd85,0.6526
ml,28275000,2827.5,10000,46.6043568,24.7919225,f66b314c-58e4-4e9c-aad5-6ecabb79c82c,0.7612
nr,52650000,8100.0,6500,46.6845938,24.8230013,0d743b07-51e2-442c-a006-18088fe4f21f,0.7939
ml,5687500,875.0,6500,46.6238531,24.8014352,31239307-45a7-40b8-8af2-da81b508c912,0.7879
tn,710000,337.5,2104,46.7010563,24.7659781,2b9aefa6-a0c4-4850-aef9-fffe173a9455,0.6812
shf,343496,562.5,611,46.6918185,24.5631656,ab9ab22c-2a9a-46bf-ad93-78922756a54c,0.7055
shf,700000,450.0,1556,46.6864054,24.5632134,df9778b2-a584-40ae-86f4-7bcb0814dbe9,0.7
nr,1341000,300.0,4470,46.6558813,24.8496888,760ee79b-2123-4b96-90f9-10e13d10d869,0.7533
rd,33660000,9900.0,3400,46.7734634,24.7353565,dcc3faab-feb0-464e-8f3f-aba0b57f82a6,0.1624
nr,1987500,375.0,5300,46.6799432,24.8234221,5284de18-dc08-4a62-977a-1caf60d9e999,0.7876
ml,800000,450.0,1778,46.6213183,24.7905949,064d4dcd-5657-4b83-808f-f884edad0566,0.7826
ml,3222222,1200.0,2685,46.6121597,24.8129987,990d6abb-29f5-4360-aab6-0b38f3e37a8b,0.8028
rd,2500000,625.0,4000,46.7747575,24.7461677,22000447-cac5-4c30-bfec-f890000d764b,0.1899
tn,1850000,324.0,5710,46.707458,24.7748549,3c908dda-0389-478b-8d15-fa7b41aaaad0,0.6996
nr,1551960,324.0,4790,46.6549548,24.8488123,328bfa2a-1936-44be-b9d0-30c45c79ad2c,0.7498
ml,1459819,540.0,2703,46.6083095,24.8076086,115c2f0e-1324-497f-b940-e62d2fb1f659,0.8014
ml,8500000,560.0,15179,46.613932,24.8012639,e84668a9-74ce-4f6f-90ec-53f06cf327f6,0.7896
ml,110597120,12480.0,8862,46.6123301,24.7955583,d5b3f8e9-bd89-4407-9650-f436dee8f8fb,0.7836
shf,2400000,600.0,4000,46.703967,24.5782687,f00c63f3-26b4-4026-8d9f-a8d35c6c1415,0.7312
ml,5040000,900.0,5600,46.6024069,24.8050504,5c686c00-e86d-4883-b839-39cb7c72f522,0.7963
rd,2500000,400.0,6250,46.7784257,24.7412332,7c02d7c1-e84f-4a32-815b-926d3d158fa9,0.1533
shf,800000,500.0,1600,46.7076851,24.5743668,c38a7951-7981-4195-a6fb-26c419ec8d2a,0.7254
nr,70668000,15704.0,4500,46.6358447,24.8850186,0c7be676-31c7-4818-8f10-227b63c25bcf,0.6452
nr,6615000,1050.0,6300,46.6836554,24.8386695,3871dffe-95ad-4481-af88-3a4a46030833,0.8286
ml,4000000,600.0,6667,46.6194723,24.7924633,d3815ccc-4ba4-4196-986a-9c3c66c24bc4,0.7891
shf,513000,337.5,1520,46.6969504,24.5550241,7782451a-afaa-4650-b34d-d5dbc437ad03,0.7148
nr,1742580,378.0,4610,46.6567624,24.848673,f7d737f4-e66e-4d8d-b7f3-5884f897df61,0.7634
ml,1101588,1120.0,984,46.6156411,24.8098518,85673e36-2d13-4f09-91d3-6914c325fa4f,0.8007
ml,2490151,718.82,3464,46.6087778,24.8087938,26764f57-3b24-4f30-876a-aed812a308f1,0.7989
ml,5082000,840.0,6050,46.6003304,24.817877,b4cdb45f-eb6f-4b8b-9fb8-cc23566ea9ce,0.8059
rd,1500000,525.0,2857,46.7611871,24.7349978,bf47b3ee-b611-489e-9ce3-4da0037da530,0.2287
ml,1000000,300.0,3333,46.6209635,24.7911011,af402266-e715-44b8-84a2-9f3458cb6041,0.7882
nr,1745484,378.63,4610,46.6559133,24.8483158,40b5dd6e-9c90-4701-9981-329a9ef62c45,0.7603
nr,1531920,312.0,4910,46.6541725,24.8489699,62cb76a8-b1d8-48ca-8654-c7fcc363decd,0.7577
ml,4000000,324.0,12346,46.5930012,24.8093171,efdf2668-f4e0-4401-9356-7087e79203af,0.7783
shf,100000,400.0,250,46.6929519,24.5648548,8f3d071c-7b1f-41dc-a8db-db2879c52c28,0.7152
tn,800000,337.5,2370,46.6969449,24.7791818,6f13b4d5-e5ed-4f96-8efd-eb651d1aca93,0.7143
rd,3875000,775.0,5000,46.7578332,24.7428307,8f9a2942-f2a2-4bf5-9604-2c252da49d19,0.2792
nr,9108000,1980.0,4600,46.6284074,24.9022716,1e9a418d-f950-40f1-bb2f-a2cc6882d239,0.5535
nr,2000000,500.0,4000,46.6573877,24.8857254,8aff9e3c-05f8-40d3-8aaa-01ec0319ba36,0.6479
ml,6300000,900.0,7000,46.5959213,24.8054558,8aad84a2-9807-4642-810f-271282ca1510,0.7824
rd,2500000,525.0,4762,46.7611871,24.7349978,26c6288c-60af-416d-a298-85da7940b795,0.2287
shf,1050000,575.0,1826,46.6823204,24.5577807,87893c9b-a1f8-4a67-80ee-db2bd51263ea,0.6978
shf,1000000,630.0,1587,46.6871354,24.5649708,d98d668c-ba80-41f4-b296-984f0d6f97d8,0.7028
ml,3150000,500.0,6300,46.6224594,24.7947188,2dfaef96-da8c-4510-b18f-c1d389b61848,0.7981
shf,600000,300.0,2000,46.695149,24.5500989,24553aa9-471d-4f19-85d0-934155c3dfb8,0.7206
rd,650000,408.2,1592,46.7727146,24.7333164,76c3e347-c5bc-4f31-8a78-d2357034538a,0.1588
rd,6000000,2465.85,2433,46.7805873,24.7282007,5fbaf4b1-be93-4a57-9401-57b8944e0f70,0.0947
shf,675000,450.0,1500,46.69426,24.5670823,1d90f9c8-728a-4b6d-b305-e35cdfadcbb1,0.7258
tn,3300000,372.5,8859,46.6975281,24.7758903,e5f225a3-7848-48a6-bcf2-25a1e156504a,0.7049
rd,2400000,616.0,3896,46.7599544,24.7399026,3ebfb3d6-8f97-48c4-a566-47092342fd52,0.2559
nr,3900000,780.0,5000,46.6646667,24.8769302,9e33cc0c-faa4-4f49-b911-cc950ad30fd6,0.6817
rd,275000,675.0,407,46.762746,24.7242352,f9869203-6b35-4822-81f1-d74e811769f0,0.1706
ml,35226550,2535.3,13894,46.6162881,24.8208115,33477411-9832-44eb-a947-4113ea7681d6,0.7682
rd,6288000,1048.05,6000,46.7543222,24.7321747,04d0b120-b683-401a-9bc3-1268596e9bf9,0.2508
rd,3100000,900.0,3444,46.7624894,24.7376143,241b2c40-5ddc-439d-9402-82977b7ee6fc,0.2326
nr,1176000,280.0,4200,46.6510661,24.874697,1014fc86-c861-4f07-ae9d-559aaf339f78,0.7038
ml,8400000,560.0,15000,46.6134569,24.8013428,4e08eedf-84f9-4f13-9f48-2f0b4459c590,0.789
nr,1493640,324.0,4610,46.656102,24.8483952,fabced10-a343-4568-b242-05c88fa77ac0,0.761
shf,560000,434.0,1290,46.6905616,24.5576678,75fffe18-8e5c-4c8c-91ec-86d1d365641c,0.7053
ml,14800000,1050.0,14095,46.5942571,24.8139245,0c8303b0-744f-4ec6-ad06-57dcb0a3a00f,0.7888
nr,3150000,900.0,3500,46.66308,24.874976,bcb0157d-f10a-48da-9895-8d160fefa7e6,0.7022
ml,4455000,540.0,8250,46.595203,24.793785,c7e00148-52f9-4ee6-bdfd-224d79aca21e,0.7522
shf,700000,537.5,1302,46.7005629,24.5628619,868dc95d-1b4a-4ae6-90be-3e5cdbedd664,0.731
nr,1620000,343.75,4713,46.6361863,24.8807975,232733bb-d569-49a8-8f64-dcd999e16242,0.6607
rd,2450000,1000.0,2450,46.7669941,24.7395781,a3a99cb9-e9f5-40d9-a06f-d747d0f01be2,0.215
shf,1150000,625.0,1840,46.6865817,24.5516205,e401a006-e133-4a7a-9752-a7f488b07be0,0.7061
ml,3500000,840.0,4167,46.6019057,24.7835737,d3fae6de-06b6-4dde-8834-5137f46f53b8,0.7416
ml,3790000,420.0,9024,46.6086485,24.7870739,6d250bae-bb29-4fc7-9d10-117fc83fc28f,0.7564
rd,1700000,400.0,4250,46.7584524,24.7314683,9c9629d5-909e-4ad4-b941-f5db3208d8d8,0.2269
rd,1899998,625.0,3040,46.7635335,24.736839,345bb6cc-32df-4143-82a7-315794f11f0d,0.2237
rd,3000000,750.0,4000,46.7611282,24.7329163,a544b0ba-04ab-499b-bb9b-f65eae1ba09e,0.2199
shf,750000,480.86,1560,46.6832287,24.5615054,bc607dc1-2452-44e3-9ec9-fcbaef19fda2,0.7004
ml,4650000,600.0,7750,46.5946068,24.7940808,f7b83a6e-a730-4e81-bb77-fa2bc601cb03,0.7514
ml,14600000,1916.03,7620,46.600592,24.7980215,f90dbb95-907f-4e79-b5c4-1bc3f5c4907b,0.783
shf,1500000,464.0,3233,46.6912297,24.5457469,87327a32-1c04-49fd-b92f-8332ae2143f5,0.7022
rd,2050000,400.0,5125,46.7778943,24.7419513,aad3c2a0-aeb2-4af2-864d-f36b84e16bad,0.1587
rd,2900000,750.0,3867,46.7645651,24.7243479,e44864f5-15f8-4ac8-8f45-0fe1517af52c,0.1622
nr,47206250,11375.0,4150,46.6678833,24.8557113,7d030304-4d3a-448a-8818-d813c4f1fb20,0.7697
shf,1650000,525.0,3143,46.6995162,24.5637412,7fb41acc-8cb6-413d-a8d9-ca5efcdec9f4,0.73
ml,3920400,594.0,6600,46.5693131,24.7887598,9bbf69f1-1b14-4a78-8f79-229b71923bff,0.6386
nr,1958196,337.62,5800,46.6818429,24.8209827,bfbe3b41-4af7-458b-b784-e3e2ec9f1c7a,0.7826
nr,3003000,715.0,4200,46.6582042,24.8534379,f8894194-4fc0-4e43-ae1c-df38d1f434e4,0.7628
nr,9087062,1714.54,5300,46.6798803,24.8183896,faf3efb4-296e-4062-8ee9-e1632932c1a2,0.7706
ml,5775000,875.0,6600,46.6236286,24.8013407,343a8d77-b86d-4c6b-bab7-c31a6a95b6ee,0.7878
ml,1642920,123.0,13357,46.5912972,24.7831697,c3080cc6-d20d-4d10-b41a-cd583025fcfd,0.7207
nr,2249131,368.71,6100,46.6792301,24.8223853,b6314c50-66cd-40c4-b57d-f99221a9e085,0.7815
rd,3010000,517.5,5816,46.7616282,24.7172779,9b8f5cd5-3f47-4a20-bc0d-7001b856b71d,0.1402
nr,1493640,324.0,4610,46.6540381,24.8479422,83afcd47-b9bc-44d4-bcb2-4eeb744bc01d,0.7539
shf,1300000,675.0,1926,46.6877044,24.5570721,774526be-b98c-4b9a-a619-a03534ce6bd9,0.7036
ml,5100000,467.19,10916,46.6131124,24.8197682,e065e77a-4c18-4025-8f28-f56bdae48d28,0.7828
rd,4100000,750.0,5467,46.7661008,24.7252867,6cf4173c-a3fd-45aa-be04-98951e8339cb,0.1591
nr,13608168,2430.03,5600,46.6780978,24.8206396,8d4c823e-9b24-4509-98ce-7ad6f84f08b8,0.7727
nr,3600000,900.0,4000,46.6535077,24.8665309,b89ff940-22c9-4c95-8112-54aec4159374,0.7449
nr,2462369,443.67,5550,46.6791263,24.8235596,ca169e1b-07bc-44cb-af9a-769dcf50fbeb,0.7859
ml,4950000,900.0,5500,46.6009731,24.8053902,00d7eb6e-124f-4510-b805-e5a5b43903f1,0.7999
shf,350000,450.0,778,46.6888936,24.5625645,cfa54756-9d01-433d-a8fc-a7002e22bfe8,0.7009
rd,3000000,720.0,4167,46.7662938,24.7260047,f7f206e1-faba-4eb9-a9c7-997f27fb885d,0.1615
ml,3710000,349.94,10602,46.6129055,24.7899525,a7756c69-8a00-4efa-bc0c-b7cad419a909,0.776
shf,1740000,735.0,2367,46.6952269,24.5490149,ec3f0ecf-3f56-45ae-9876-4efc539d6cf6,0.7184
ml,7700000,630.0,12222,46.6222787,24.7907014,846494e6-5a7f-497f-b40a-c202fd034393,0.7805
shf,950000,450.0,2111,46.6902074,24.5651342,a4377a0d-295d-47d2-a7a1-63a41e9bf015,0.7076
ml,4500000,900.0,5000,46.5947792,24.7993081,58d57faf-89b1-456e-9bfb-7959b791456c,0.7705
nr,1892250,435.0,4350,46.6535462,24.8694801,1b3a9808-35cf-4e64-a854-58610d7790e8,0.731
tn,850000,341.0,2493,46.6883587,24.77699,e64f6344-6c33-4e5d-98a6-741acb3ee7c2,0.7314
tn,6000000,875.0,6857,46.6936197,24.7699908,ea6d56a9-0d61-4409-8cec-10d2da2344ba,0.7058
tn,1018291,875.0,1164,46.695543,24.7671691,81e7072d-45e9-4488-9f62-1513c5b87884,0.6916
shf,543416,453.18,1199,46.7140546,24.5789774,032a2a11-8856-48f0-9780-deec9da1faf8,0.6894
rd,178125,60.0,2969,46.7654645,24.7378899,78cffe86-b112-4d58-915e-6916b1dd3766,0.2172
shf,1550000,1122.09,1381,46.6941105,24.5607472,6206714c-2458-4c84-8d6f-d699d5d9e708,0.708
ml,11000000,808.5,13605,46.6079257,24.799838,944a0af7-6bd3-4939-8ab8-5b791ace2304,0.7814
shf,790000,500.0,1580,46.7077662,24.574658,f396fee9-295b-4865-b02d-92fed7f31c10,0.7253
nr,2025000,450.0,4500,46.6859544,24.8293263,d40171e3-0ba3-4bb8-bbc9-b055eb964f92,0.8176
nr,3255000,698.02,4663,46.623737,24.9041247,e4b9d46d-bdd5-4485-b09d-434229fbad47,0.53
nr,1760000,440.0,4000,46.655662,24.8852457,f33515c3-2194-4086-9ee2-f15decb22363,0.6538
nr,1551960,324.0,4790,46.6547684,24.8491812,9575b901-7eed-483e-a8e3-2b3a9f49fb9d,0.7502
nr,1558440,324.0,4810,46.6559271,24.8486764,bed3ad85-bdaf-49c4-ab1d-9d05024773ae,0.7612
shf,4500000,750.0,6000,46.6953512,24.5478841,1952cc30-2779-4e8f-b907-7c56d79c4e36,0.7105
tn,2119289,381.8,5551,46.6919652,24.7713099,f009fff9-78dc-4df6-a4e0-8271250d76b3,0.7142
nr,4655750,846.5,5500,46.6822433,24.823627,d576e168-4244-4a8b-ac70-c6e09edf3466,0.7946
nr,1551960,324.0,4790,46.6553871,24.848845,9a11ce13-3ec0-4f0c-887b-f9f97cac9dac,0.7509
ml,7424000,928.02,8000,46.589937,24.8082433,67026dbc-9f0e-4e9b-90c2-94e760d99ec5,0.7619
ml,12560252,900.0,13956,46.595102,24.8135569,d1c36a7e-9d74-4601-981e-e1016ee8233e,0.7931
nr,1176000,280.0,4200,46.6521459,24.8748021,2a78ec3b-6896-4d48-baaf-541dc5cf71f9,0.7041
rd,2767500,675.0,4100,46.7588825,24.7357996,0b9faa56-1b94-4983-8ccc-1dcd9ddb9832,0.2445
rd,7227000,1980.0,3650,46.760315,24.7212306,b4afa7a6-528b-4684-90df-418ce3c9ed35,0.1669
rd,800000,315.0,2540,46.7780276,24.7399248,56f43cae-bbd5-440e-853b-12bb8ee2680c,0.1516
ml,6800000,570.0,11930,46.5924431,24.7924109,542ee4f9-7e38-4ad7-8317-7649a37f4685,0.739
nr,4950000,900.0,5500,46.6637589,24.8755517,9f0233dc-2e50-4cda-91df-2b541d7637de,0.6978
shf,918888,625.0,1470,46.6819414,24.5587511,054a7748-8df1-4918-930c-c6fb80febd88,0.698
shf,1050000,640.0,1641,46.6916187,24.566038,7867d2b1-9e9d-4681-8c96-61b778f2c0d0,0.7138
nr,2570925,619.5,4150,46.6523331,24.8728617,fb4bbe65-1e74-4af4-bec3-aff467c346d4,0.7125
shf,800000,450.0,1778,46.6873542,24.5638096,9f9f2ecd-736b-4481-8e97-52f93a0f9d0e,0.7011
ml,2880000,450.0,6400,46.5909265,24.8150165,1a9a527a-a33a-4e6c-9950-62fb88028f19,0.7736
shf,1000000,680.0,1471,46.691095,24.5690609,734d66a4-04bb-42c9-876c-616770eb79e0,0.7205
rd,1000000,750.0,1333,46.7643243,24.7241971,189ff068-6f29-4862-957f-002757734eba,0.1627
tn,1438444,373.24,3854,46.699535,24.7746313,3593ac3a-3967-4e27-a851-824f68a20640,0.6993
ml,705000,900.0,783,46.6060039,24.8092083,3ddc2690-707c-4a0f-b527-3120d35ed5c8,0.8039
nr,4701600,983.4,4781,46.6776277,24.8484438,5ca153d8-84c3-40fd-8b17-9f9b49f89bc1,0.8066
ml,15666665,1296.38,12085,46.6163694,24.8170132,1418fd5d-8339-43ed-a93a-eb666f9b25b1,0.7831
nr,3000000,495.5,6054,46.6469744,24.867371,d93946ca-5f1b-4034-a0b7-dcc15b1a7ce3,0.7258
rd,1000000,690.0,1449,46.7601792,24.7301918,8e21b9f5-1695-42de-864f-5bd4915f6519,0.2122
shf,320000,400.0,800,46.7111633,24.5720097,36775644-aa92-4afb-847f-61ea580b55ab,0.7109
rd,1088160,307.49,3539,46.7706238,24.7274684,e6022f85-dfd0-4c32-bd64-8a4c2cd080a8,0.1458
nr,1720000,430.0,4000,46.656636,24.8857901,388d726a-f890-4412-922f-874346bfbe8c,0.6489
shf,1620000,810.0,2000,46.684994,24.5583416,bc7cb417-b682-498d-bdaf-bfccaebb9cc3,0.7026
nr,2256940,480.2,4700,46.6504687,24.8537805,19f03aa2-4fac-4022-aebc-2b4153fafec3,0.7595
rd,3500000,744.0,4704,46.7578489,24.7337198,a85617b8-7b55-4bc1-a66b-f777a5b1f0e2,0.2405
tn,2050000,437.5,4686,46.695533,24.7689835,ebadcb39-b049-485d-b580-7d1178603e5a,0.6955
shf,540000,350.0,1543,46.691173,24.564922,6681a217-530e-4fe2-a008-b4df63e9e372,0.7092
shf,902447,634.0,1423,46.6845948,24.5640436,a34632d4-85b3-45f1-bccb-74cf3c03251a,0.6979
nr,1755000,390.0,4500,46.662889,24.8358745,f4a721ce-8f00-44d6-9edd-c3e3e226412f,0.7632
shf,225000,575.0,391,46.7105176,24.5769428,e54e874e-3504-487b-aa57-d3b5111161bf,0.7118
rd,2000000,625.0,3200,46.7662475,24.7448429,4af6cf1b-38c7-412b-94b5-854257837aa0,0.2375
rd,1350000,350.0,3857,46.7721879,24.7451233,34c42d32-13ce-4dd9-97ba-568927abdb90,0.2026
shf,3000000,800.4,3748,46.677093,24.5578055,387383df-5625-4225-a933-fb92c57d669f,0.6799
nr,1000000,2907.05,344,46.6430007,24.864671,8e3a6fe5-6464-4b38-bf5c-6fb30fb3bf0b,0.7193
ml,2223000,370.5,6000,46.6115152,24.7976317,e9b31a3c-ecb0-4f75-a419-bec6318a64e8,0.7813
shf,1400000,1050.0,1333,46.7048083,24.5693028,8affbd89-aebb-4e4c-be5f-96366f0180bd,0.7368
ml,3444210,492.03,7000,46.5877797,24.8018695,2ff36b82-64c1-4957-bab0-e011d0120208,0.7401
rd,1550000,598.0,2592,46.769732,24.7314679,dfab1c7a-4973-45ab-902b-a36d30adc203,0.1677
rd,1450000,450.0,3222,46.7741507,24.7440781,838e4fe1-d0bf-4cff-8938-d3ca46349b79,0.1877
shf,1381371,525.0,2631,46.6794282,24.5563162,033aa630-7608-43b4-b7cc-4bfa8bc1a6ac,0.6873
shf,650000,437.5,1486,46.7049475,24.5745873,e7a54408-3529-44a9-8816-9c4c1a893942,0.732
rd,1210000,450.0,2689,46.7712354,24.7451748,45973356-13e8-4377-b0db-fad54f653aa0,0.2086
rd,300000,2247.97,133,46.7727081,24.7284542,960e5482-b335-4551-b1da-253a116eb9cf,0.1389
nr,1810955,378.07,4790,46.6555114,24.848599,5ee33208-1f29-4aa7-91cc-420611d97f8c,0.7598
shf,539900,650.0,831,46.6835789,24.5602935,83916fe2-7dc2-4379-bf56-b440d9b6f3f8,0.7018
ml,8300000,875.0,9486,46.6240776,24.8015297,8d347911-5160-4562-8017-9d92f9363bfc,0.7879
nr,1731240,438.46,3948,46.6575043,24.886364,de8a411e-68a0-42e6-b388-493633db3b6f,0.6439
shf,2000000,900.0,2222,46.7033133,24.5644836,8da5f5d2-340f-4458-8722-f79c0d9d1223,0.7372
rd,3374000,1250.0,2699,46.7700885,24.7277441,d61a50ba-f4a4-4b20-a970-716a3a080045,0.1498
nr,2412482,412.39,5850,46.6813352,24.8210186,c349e660-7998-4cc3-86d8-7bd41b40f7e8,0.7813
rd,2312500,625.0,3700,46.7587931,24.7217754,6ad4768a-c90f-4e34-9579-2bbd5c5f6dd1,0.1768
ml,5800000,1120.0,5179,46.6156411,24.8098518,456b81a0-e294-44db-90e0-e47f9621cf80,0.8007
tn,1553920,372.96,4166,46.6993162,24.7750713,62302690-c153-4062-ab4e-c4bdeb40b3ce,0.7004
nr,1736758,362.58,4790,46.655017,24.8486893,734b7363-27da-43fd-946e-0f15a5a5f1f9,0.7586
ml,1338463,619.96,2159,46.5744506,24.7844911,c52101ea-45a9-4a03-beb9-573d29a8ca42,0.6711
shf,536732,500.0,1073,46.7074169,24.5750949,ba13f636-87e6-4ff9-a406-16c3312a5245,0.7263
rd,1500000,500.0,3000,46.7772376,24.7281146,b8212b19-00f7-4c47-9aae-52300e8070e1,0.1129
ml,19000000,904.56,21005,46.5938045,24.7927958,73fe0cee-0c67-4da5-ae98-b28acf69d8e3,0.7451
ml,11500000,870.0,13218,46.619158,24.7976239,044f3044-be34-44e2-b57a-d46143178e85,0.7949
ml,1366875,607.5,2250,46.6104537,24.7960643,65e92b1f-1a81-4f1f-8226-16f1cea01c2e,0.7777
nr,8474581,2201.19,3850,46.6428359,24.9015533,8f33f37b-0770-4150-be32-11c3c9d6afc7,0.5823
ml,2857500,450.0,6350,46.5908681,24.8151363,e8a9e67d-e57a-40de-a491-c91bf8d74fc7,0.7708
shf,1800000,1503.63,1197,46.7005118,24.5668221,36b730fc-40cb-4007-97f1-8234991e04d6,0.7368
ml,400000,390.0,1026,46.6008697,24.8037698,28c000b1-8283-401e-9e7d-ee884e9f543e,0.7975
shf,1270000,625.0,2032,46.6865817,24.5516205,b6e13c02-0508-40d9-8838-96dcc75e9cd9,0.7061
ml,1800000,325.0,5538,46.6150115,24.7949031,35ca39f2-7aee-49c4-9d7b-859f5c1cd026,0.787
nr,34060608,6307.52,5400,46.679387,24.8196048,b256721e-a188-46e6-ada2-0581991d8203,0.773
rd,2205000,630.0,3500,46.7785204,24.7390806,5ba3215c-de02-403f-beba-5ac24cc4030e,0.146
ml,3300000,600.0,5500,46.6286725,24.7959282,02fb287b-e726-4a2d-ac2c-1dc3c3466147,0.7977
nr,1186590,780.0,1521,46.6597731,24.8759905,ff34540e-43be-48df-9036-601e9f5e4011,0.7021
nr,1742580,378.0,4610,46.6560076,24.8483555,96cc0878-7522-4e1a-8e43-c10ae782a19e,0.7607
ml,4410000,600.0,7350,46.5947864,24.7941564,b43ba237-440e-4252-b01c-0cb8bf52d149,0.7523
nr,1335000,300.0,4450,46.6555114,24.8503962,c8e17437-466d-407f-8740-ba545ce60e2e,0.7533
rd,2000000,660.0,3030,46.7648801,24.7314758,031a81b9-9bc6-4693-a487-c14b77c67afe,0.1938
shf,4000000,844.2,4738,46.6796214,24.5534712,f1ac6510-6df6-41a0-a212-6f5e75b58c87,0.6859
ml,2080189,437.5,4755,46.6163573,24.7910682,34cbb058-0519-415b-a7c5-2c98643b7960,0.7799
nr,1720000,430.0,4000,46.6569607,24.88614,76c60126-c8ea-41b4-9cee-81ab0e84a4e0,0.6463
shf,900000,500.0,1800,46.6985327,24.553568,765810cd-c38e-4eab-ba1c-787af1647538,0.723
ml,1937091,337.5,5740,46.5730775,24.7857403,5c08a65c-eab5-42f1-8dec-788a435e51c6,0.6632
rd,1120532,800.38,1400,46.781114,24.7355662,514c0da3-1936-4746-a648-bb766ab5aabc,0.119
ml,1025750,300.0,3419,46.6236397,24.7924667,2da5028a-c993-4b11-be0d-730938be1876,0.7924
tn,3600000,750.0,4800,46.6908998,24.7748425,4a48cd5b-9e98-4861-82f4-c2b8321b64c0,0.7208
rd,7200000,2490.0,2892,46.772163,24.7247835,c8740292-e6a5-4e8e-969e-a73bb9ebebcd,0.1257
shf,728000,450.0,1618,46.6882816,24.5647918,5c406a4d-2d0b-479a-a9da-bf713d454aad,0.7023
ml,3307500,525.0,6300,46.6225444,24.7945508,a85f1cfe-9421-4bdf-90b9-5b1e557bdad0,0.7978
nr,1987500,375.0,5300,46.679881,24.8235451,d62d06d9-a830-44e1-935e-bfc7cc83377c,0.7881
ml,952693,300.0,3176,46.6209635,24.7911011,55b384ca-4cc1-4640-aa7e-b8da6ed18882,0.7882
rd,8377906,2464.09,3400,46.7812604,24.7291671,f23e8ce7-a489-426e-adfe-a04b761941bd,0.0947
shf,570000,250.0,2280,46.6909461,24.5483561,8aac34a8-c9c1-4c10-9263-fd1af3a7f606,0.7105
ml,4500000,400.2,11244,46.6112625,24.8153893,ae9b598e-1460-4492-bb62-71458052e2a9,0.8046
rd,600000,750.0,800,46.7600822,24.7215401,52ceeffa-456b-4d15-b071-e216ce7eb6fe,0.1696
rd,600000,417.6,1437,46.7764307,24.7409507,33c11a8d-8bc8-4775-9446-5ed6317ca97d,0.1644
rd,2312500,625.0,3700,46.759141,24.7217152,192d8aa0-0778-4297-af01-e72da717d667,0.1749
ml,9000000,560.0,16071,46.613932,24.8012639,46784cba-2848-4955-b6d2-291f534b8fb4,0.7896
rd,2700000,900.0,3000,46.7549501,24.7393425,c6ae355f-48bc-48a9-961c-f35ff5a41876,0.2808
ml,7541550,1040.0,7251,46.6213086,24.8061599,cc5426b2-8390-48f0-81fb-d58c74fbec96,0.7973
nr,4025000,875.0,4600,46.6643737,24.870421,766a0d3b-8e5f-4a3f-a32a-713cb99f7ee4,0.7182
rd,2150000,650.0,3308,46.7672785,24.7352164,52bb2b18-9de4-4759-83b5-8bb9d2f8220c,0.1965
ml,2300000,1527.89,1505,46.596928,24.7820996,c852fd16-6f47-4e76-b2a8-caf17a41f64d,0.7334
tn,8640000,1600.0,5400,46.694262,24.7669641,eef723de-8313-4ee9-9010-443f14ded5fc,0.6969
nr,3350000,420.0,7976,46.6341828,24.9023485,b117fbee-63ef-42eb-8c51-dd004408691c,0.5705
ml,5625000,750.0,7500,46.5720727,24.7924658,787d9316-e439-4c54-9ec0-dbb47ea48878,0.6514
shf,480000,281.25,1707,46.6990854,24.5629423,33b3fbbe-514c-47eb-ba9a-431a5a70c314,0.7278
rd,1870000,550.0,3400,46.7700608,24.7264276,1304a0c7-ce5e-49f1-bcac-019c9caa84bd,0.1441
shf,1350000,690.0,1957,46.701022,24.5623937,f7c57aeb-6085-4283-afbb-b5e461daab34,0.7309
shf,5800000,2173.5,2669,46.6895826,24.5682711,9506c4d1-2c6f-41dd-91ba-f03e7587f7f5,0.7122
nr,1330560,336.0,3960,46.6556714,24.8478363,6d83b5f8-8df9-4b84-8e45-f45ee8228aec,0.7583
nr,765625,437.5,1750,46.6378906,24.8903552,97b1a8d9-9cbb-4105-9a60-e26c20d74df2,0.6301
ml,3400000,358.11,9494,46.6082194,24.8004599,4ebff43a-fa0d-4b9b-8872-2763ff564360,0.7834
shf,1900000,825.0,2303,46.691241,24.5560232,715bcd4e-ceba-4d8d-9022-b6d03eac2430,0.706
rd,2312500,625.0,3700,46.7589967,24.7219001,7bd2edc5-5c74-4d64-8a74-f8710d436836,0.1765
rd,2900000,480.0,6042,46.7553733,24.7399311,d5b45699-416b-4ed5-baa8-a18491cf10cb,0.281
ml,19398299,3035.62,6390,46.5908822,24.7850274,21f1e917-9374-47a5-a8dd-5cf2c1899e9a,0.7227
shf,1300000,875.0,1486,46.6994404,24.5666248,2dbfa969-49fc-4cb8-be75-45a2c2af593a,0.7333
ml,6696000,1232.25,5434,46.6233663,24.804438,b57a58ce-56a7-49ca-a2ba-deb461dc1132,0.7996
tn,6000000,840.0,7143,46.7044266,24.7793723,ae81ef67-d9be-4ccd-b335-3be85b857621,0.705
shf,575000,575.0,1000,46.6825159,24.5576413,122e3117-88b4-4a54-9eb9-586fce389cbf,0.6981
nr,5250000,1050.0,5000,46.656928,24.8587886,c3a70986-548c-421a-899a-b1b3d0ec89b6,0.7623
rd,8652150,2465.0,3510,46.7801859,24.7279567,0c41e21e-3477-42aa-8c4e-ac606a4abbba,0.096
ml,93520000,4800.0,19483,46.6184007,24.8094227,e8d2dae7-1a5f-4939-b235-e75ed4dcd615,0.8018
shf,630000,500.0,1260,46.7117022,24.5727691,7adf5dee-1c9a-47b1-b3b3-09c1b9038c2c,0.7071
ml,2200000,540.0,4074,46.5948854,24.8037343,9f287b02-6933-464b-bdf5-f65658f79440,0.7769
rd,2400000,500.0,4800,46.7719869,24.7260363,a2ee40d9-709e-4f6b-93b8-7564aa75463b,0.1323
ml,6000000,603.0,9950,46.588156,24.7991638,728ddaaf-4b66-4bfa-868b-e109f204da7b,0.7354
ml,92000000,1875.0,49067,46.6206416,24.8115092,08da5321-9270-459a-92cf-ae6aeac6dfba,0.794
tn,768750,337.5,2278,46.6992277,24.7772327,f31b7073-0360-4b43-aa20-2b9d3d459513,0.7043
shf,1000000,540.0,1852,46.6970329,24.5650325,f26ad3d3-d07d-4f81-93b8-1e40cdc7e152,0.7257
nr,1531920,312.0,4910,46.6544158,24.8489843,5af43a4f-2ddb-45bb-876e-769d3cc8821e,0.7583
shf,1100000,625.0,1760,46.6770884,24.5574803,4c647aa6-c2ec-4eaa-9ede-09dcd4a920fc,0.6804
rd,2500000,640.0,3906,46.7689899,24.7448897,026a0cd1-af39-46ad-a102-f32daef402c5,0.2212
ml,10010000,1540.0,6500,46.6026018,24.7889324,bcdab527-8fdc-47b8-9a3a-96318b0e31da,0.7504
rd,2250000,675.0,3333,46.7631407,24.7230784,f06c0184-53fc-43ae-a649-e1198e2c547b,0.1629
ml,1738930,540.02,3220,46.6068911,24.8024363,ba3c9046-0796-4d89-8279-a174f30fe834,0.7935
shf,750000,450.0,1667,46.6922382,24.5645142,77d3554a-2131-404e-b4bf-7df3d4ffe297,0.7114
rd,2200000,720.0,3056,46.761467,24.7258094,8330e8ee-2648-48ab-a338-5886d357c93d,0.1846
rd,2000000,650.0,3077,46.7629911,24.7206998,f77e45e8-be48-409e-bf09-16f951915066,0.1516
rd,1600000,497.0,3219,46.7682897,24.7452355,b2962bdc-db4d-470b-ad41-b78304b7601d,0.2265
nr,1392000,960.0,1450,46.6366703,24.9012409,47ce7dc9-4d8a-460a-9c0d-c9aa5722fe69,0.5805
rd,7500000,2500.0,3000,46.7716364,24.7429602,5bc5f0b0-515f-409e-ae6e-c573f64b3e99,0.1994
rd,3461500,989.0,3500,46.7793357,24.7279911,ce98af65-81d0-4307-9ea6-580be9fc6c29,0.1008
nr,2352994,375.0,6275,46.6798338,24.8513822,3555d0ef-bf75-4802-90dc-3297b1099a1f,0.7951
nr,1867749,450.06,4150,46.6539052,24.8765811,65bf373a-8288-447a-ae5b-643c5135ffe1,0.6984
shf,870000,640.0,1359,46.69316,24.568596,49b72f71-9c4f-4587-aae1-9ee12381a705,0.7264
shf,923250,615.5,1500,46.7033582,24.5749551,fbf09817-02bb-4d79-ae1b-3031b22a6994,0.7255
ml,24869180,1776.37,14000,46.5864603,24.7939318,750e7b40-3230-4c5f-a1ea-771b14bd973b,0.7192
rd,481491,546.0,882,46.7687309,24.7496965,25045081-902b-4c49-9a59-06dfcc19a9cc,0.2365
nr,685273,420.5,1630,46.6313667,24.894985,b30c03a1-c4b6-4149-9b4b-66324ce3cb2a,0.5971
shf,262071,250.0,1048,46.6909461,24.5483561,dde3c82f-b64c-41c6-92c5-2b388a606819,0.7105
rd,2000000,640.0,3125,46.7683812,24.7445088,8c5c338a-5fdc-44c3-9d5a-d7cf83fb02c1,0.2237
nr,1335000,300.0,4450,46.6556462,24.8504529,b3c2dbc1-c454-496f-a558-94692f8dccf3,0.7632
rd,1000000,793.0,1261,46.7688556,24.7323543,96432872-a3f5-4d43-add6-868c5b3dbe4c,0.1762
nr,1531920,312.0,4910,46.6534493,24.8486656,9ffa8133-416e-45c0-8c8e-42501865219c,0.7552
shf,4200000,725.4,5790,46.7023883,24.5670159,0df0e4a4-753a-455e-99a0-0c9d3945f09c,0.7391
nr,843000,616.0,1369,46.6439554,24.8819642,9b85e11f-87a6-49a1-a88e-f690729353b0,0.6728
nr,1700080,425.02,4000,46.6557923,24.8879524,18e1822f-ddba-4a37-9825-9b43edef4a9e,0.6378
ml,12600000,1800.0,7000,46.5994038,24.7980206,40a516ec-8fa7-4d9f-9ba1-4d59e6fdd0e2,0.7814
nr,5858250,1095.0,5350,46.6697233,24.8605339,d3f19096-955d-4b22-a6e5-a6d413d2fa30,0.7537
ml,3960000,600.0,6600,46.6109441,24.8173929,6d376c11-e524-42f4-8c98-fed9563ea8c7,0.7994
nr,3675000,1050.0,3500,46.6660562,24.8675236,b6c42360-0a1e-4df9-b59a-d35206e2a0e8,0.7291
nr,1551960,324.0,4790,46.6548306,24.8490582,8a9bc836-d708-4f83-9cd8-680037f9c3ad,0.7501
shf,1000000,1232.0,812,46.6903682,24.5683214,9b7de661-a34d-42b9-8ccf-91d7613e92dd,0.7167
shf,1750000,891.0,1964,46.6828033,24.554835,f06704d1-225f-4d6f-9b38-0ead06762d73,0.6962
nr,1520000,390.0,3897,46.6846865,24.828709,1d54dff9-787c-4266-afdd-9b2b6b47361a,0.82
ml,3500000,500.01,7000,46.5968031,24.8161483,d11d67c5-1635-4099-8988-d99f1b5b88c4,0.7988
ml,9500000,1495.0,6355,46.6170416,24.8181211,ff0f3d04-ec50-4a37-920a-0f4372e3b5ce,0.7771
shf,900000,640.0,1406,46.69075,24.5668982,832021ee-6af8-4f19-ad73-ab852c5e18ff,0.7144
shf,1188000,575.0,2066,46.6814675,24.5587935,34a482f2-0c63-4ee8-96a7-0cfe644c1da2,0.6967
rd,3500000,1004.5,3484,46.7830582,24.7323196,ea537e37-f8af-4149-b735-2d640cf33416,0.0963
ml,800000,442.0,1810,46.623088,24.8051113,574d83e3-a965-4d7d-b3cc-9b3d69edb660,0.7977
nr,1330560,336.0,3960,46.6561432,24.8480347,617af99b-a26d-483e-92bb-797499685940,0.7602
nr,1330560,336.0,3960,46.6572577,24.8479412,5ff2c76d-89f3-4f17-8221-11f321149fc2,0.7628
ml,87821895,6162.94,14250,46.6060527,24.8224888,c45b1d8b-21ff-44fc-9e5d-73543b9a7363,0.781
ml,7560000,945.0,8000,46.6229275,24.7999008,03e96211-a940-4834-b4d5-add57caaba91,0.8074
nr,1551960,324.0,4790,46.6548927,24.8489353,7502bf2e-ee84-4f72-8714-712a98b193bd,0.7499
ml,4266000,540.0,7900,46.5948797,24.7936488,2e82fa09-6c22-4cff-9e9a-ba14bf733725,0.7507
shf,775000,700.0,1107,46.6962779,24.5589422,c407d5fb-628c-47c6-a111-62a8b84a172d,0.7133
rd,632452,313.68,2016,46.775411,24.7349968,b1a62237-2c58-4aff-887d-ce46b125418e,0.15
shf,900000,450.0,2000,46.6919375,24.5655815,4368a7db-52ca-4003-a054-d1a5b63654ed,0.7137
shf,1250000,770.0,1623,46.7059379,24.5666181,7ec7e6b1-d29a-4959-b68d-78a62dc80ff0,0.7325
ml,4266000,540.0,7900,46.5951656,24.793471,1691a0e0-c8bb-45fc-ad73-af700c784437,0.7509
tn,6110720,896.0,6820,46.7000773,24.7666979,d66946f6-121c-477e-a292-2fcc4981c52b,0.6833
shf,875000,700.0,1250,46.706809,24.5724716,059018f1-249e-4599-8ddc-422781b2f3d8,0.7262
nr,2310429,435.93,5300,46.6806331,24.8235095,ab46e11a-f6c9-42e0-adbc-bfd0518a6495,0.7903
tn,700000,294.0,2381,46.692648,24.7726978,17ea3814-5ded-4396-bd07-90efa5e41598,0.7137
ml,7833335,648.38,12081,46.6163694,24.8170132,298bcfc7-b7fc-4e08-b09a-4939d50e886d,0.7831
nr,2587500,718.75,3600,46.663408,24.8790421,8af4385c-acec-4cd2-9aff-43dcdd00f4d3,0.6768
shf,162000,81.0,2000,46.6852213,24.5581777,1de9b81a-aae1-4e6d-a332-884d064e166a,0.7027
ml,4500000,546.17,8239,46.6163862,24.8016646,22c044b7-28a1-4bf1-8a91-fac5a33a9104,0.7919
ml,10000000,785.74,12727,46.5957752,24.791902,c275815c-1a55-4a73-8551-c38678e7f326,0.7472
rd,2050000,375.0,5467,46.760564,24.7191714,ba038c8c-ad2e-47e3-ab91-e9bdbab58dd2,0.155
nr,2000000,450.0,4444,46.6551941,24.8598485,92ab0502-4894-4efd-aab6-547a333fe9a5,0.7559
shf,1400000,720.0,1944,46.6897021,24.5486862,f42cc7a1-cc65-4341-9410-e4b7751fc1af,0.7083
ml,4000000,625.0,6400,46.620769,24.8010301,9e9f585b-f928-4000-913c-cde5a8075d7a,0.7999
shf,750000,500.0,1500,46.7093814,24.5769181,8ed5134e-6b60-4365-a970-e7c70b39bc97,0.7167
shf,427000,575.0,743,46.7085854,24.5726994,d5eb396b-edbb-471a-ae4b-17dbbaaf322d,0.7232
nr,3237000,780.0,4150,46.6564514,24.8523148,10b4f214-de4c-4975-94a3-018b931e7770,0.7655
shf,263313,562.5,468,46.6928169,24.5655921,cb364778-a430-4a4d-b280-1c7461997398,0.7172
nr,1720000,430.0,4000,46.6564562,24.8857146,2c021568-0839-4abc-94f5-bccc1049e9c4,0.6497
tn,3312500,625.0,5300,46.6904171,24.7734188,2b17732f-d727-4318-a513-0f6fa0d42d70,0.7209
rd,178125,60.0,2969,46.7654645,24.7378899,6994011b-b54a-434c-aea8-251e658074b7,0.2172
tn,1330000,324.0,4105,46.7075658,24.7749,4e42a509-6b90-4899-8d12-78d5786c71c3,0.6998
ml,33221892,5033.62,6600,46.606107,24.7883358,59ddd314-1353-4491-8d71-7be2a880f222,0.7556
shf,1554000,840.0,1850,46.6783024,24.5560212,6699a9e5-7837-4777-973e-de4d31967827,0.6845
nr,1927400,488.1,3949,46.6576019,24.886194,effcc840-a48a-4796-bc81-399dbb25b74d,0.6447
nr,1790186,358.34,4996,46.6541068,24.8486684,4605988d-808f-4d28-9e5d-9c3906b62ae1,0.7566
shf,1400000,750.0,1867,46.6813455,24.5572649,56382cd9-3557-47fe-bee8-e6f5dc5bd09f,0.6946
shf,695000,500.0,1390,46.6901153,24.5539579,5247ecdf-7271-4ec1-963b-d6dbefc243fc,0.7101
shf,850000,527.1,1613,46.7102708,24.5721664,7c342b76-ed3d-415b-b730-220fedeaf7b8,0.7155
nr,4050000,900.0,4500,46.6909386,24.8346572,9ebd6ac1-7ff9-44a3-878e-dc4e68603ffc,0.8027
shf,650000,440.0,1477,46.6920686,24.5707341,bb4dc8da-d91c-424f-896d-2d7da517e71f,0.7267
rd,1000000,400.0,2500,46.7656429,24.7415163,e741aa7a-42af-4753-b65a-90ecc3693793,0.2298
ml,13695450,1826.06,7500,46.6028198,24.7894154,49e0fd1f-3962-4858-858f-ef37a3005340,0.7514
rd,2500000,625.0,4000,46.7745528,24.7460412,cbd6995e-9da1-4cd6-aa26-d6aa429b99b7,0.1908
shf,750000,441.0,1701,46.6878108,24.5541465,24b5c039-b257-42ca-b2d9-7d4f6532a8f0,0.7069
rd,1300000,350.0,3714,46.7661004,24.7228912,e7232ff9-5c6e-4c74-8aab-3e83b5f6676e,0.1476
nr,11707750,2341.55,5000,46.6378188,24.8967338,a0542549-e9f1-49a8-a20d-eb552ee57323,0.6049
rd,734467,450.0,1632,46.7676412,24.7510125,6ae375b9-1954-43bf-b01b-c4a498e4b037,0.2466
ml,14029400,2004.2,7000,46.6084848,24.7934128,4cd97466-b316-4096-97c4-3c26e27115fb,0.7756
tn,20300000,1320.0,15379,46.7004188,24.7825558,e99b01b2-8c18-4071-8880-774049b55ebc,0.7025
tn,1018291,875.0,1164,46.695543,24.7671691,5f43815c-466a-4a5d-8111-9eb39f0f1d5d,0.6916
rd,4000000,900.0,4444,46.7545871,24.7323426,e44c078d-85ec-4696-a2b0-dda8bdbd01b1,0.2504
rd,4500000,900.0,5000,46.7541776,24.7405355,20766c5d-725e-4533-8a2b-0857b8301722,0.29
shf,1000000,375.0,2667,46.6940822,24.5587637,254bc284-2863-4cce-8f84-9e97d51a6f94,0.7094
ml,25051460,1789.39,14000,46.5866253,24.7936046,ae3e8ce1-6ef5-471f-b1a3-60c574afd545,0.7199
shf,800000,450.0,1778,46.6890443,24.5634409,2786ac3e-7c5b-40ac-a0d2-12316e717ca6,0.7021
nr,1551960,324.0,4790,46.655325,24.848968,ccd2aec2-4870-429f-9aad-8d5629066024,0.7509
rd,2800000,900.0,3111,46.7689995,24.7493665,6faecb43-43c8-4f29-8c37-71757e032d4e,0.2339
nr,1330560,336.0,3960,46.6568951,24.8478373,a70261c4-6f42-4a36-b754-46e6aa434d5e,0.7617
shf,1130437,525.0,2153,46.6945422,24.54923,3d20f5a3-ec45-403c-bb58-db51e8f1dde3,0.7202
rd,1450000,399.0,3634,46.770078,24.7493031,65d66981-2636-43af-8d14-385555b91e29,0.2271
nr,1335000,300.0,4450,46.6551066,24.850226,eed4939b-7bbe-45e7-b09a-a29bcccc0fe6,0.7524
ml,11850000,805.0,14720,46.6106808,24.8014844,896355c1-6647-4470-a1d5-bfc4f4c465ff,0.7845
ml,557813,755.2,739,46.6084585,24.8091565,133ebf42-2f78-489f-962e-a453b500d78d,0.7993
nr,2000000,500.0,4000,46.6575675,24.8858009,4ea82b85-4b9b-48f5-b26d-30299ad2a891,0.6471
shf,1350000,825.0,1636,46.6942906,24.5539225,4414203b-8cc1-4f94-8e49-1a9a209bf400,0.7159
ml,4200000,600.0,7000,46.6194723,24.7924633,95aec3c3-7055-4d75-b310-302fb3432c96,0.7891
nr,1330560,336.0,3960,46.6558261,24.8476332,7b2343cc-3991-41af-8105-3626a6baf0a8,0.7581
shf,1310000,750.0,1747,46.7083401,24.5648715,f81afcb0-0f7a-4a7f-b878-7bc74beb0889,0.7231
rd,621000,625.0,994,46.7673856,24.7497475,568fdad7-d596-465d-8290-53d662c4dbc5,0.2449
tn,3700000,736.0,5027,46.6992079,24.7683138,c1704bf8-c049-4497-b4c7-60fc9133be68,0.6894
shf,565000,562.5,1004,46.6928169,24.5655921,a5371722-8b9e-48bc-8191-c98799c7abd5,0.7172
nr,46316135,11737.49,3946,46.6365824,24.8962916,c4e6f76c-dfd5-4a69-958d-f913ed9ba206,0.6058
shf,2000000,1264.8,1581,46.6973838,24.5626898,7102760c-9b81-453e-bbd4-bf0fd2b64dc8,0.7222
ml,168000000,3346.12,50207,46.6178398,24.8177338,b1a78357-9e56-4026-af33-83d005227354,0.7739
rd,1770000,600.0,2950,46.7747682,24.7354392,cf8f8512-6ca3-422d-bf8f-45ebc5196c74,0.1553
shf,30000,65.0,462,46.6969612,24.5607454,63651342-89f5-460f-8598-7e6fe6a2f48c,0.7174
ml,1672506,300.15,5572,46.6207118,24.7920501,fafc5f5b-8708-44dd-9b4a-e3cd1f3d8497,0.79
ml,4320000,540.0,8000,46.5950413,24.7937169,2ac1750c-41a0-4cd9-a3a3-f8460e6ac804,0.7514
ml,3200000,400.0,8000,46.6246688,24.8024156,e0f32b92-fccd-4e64-b06d-e16816ee1977,0.8003
rd,1577325,575.0,2743,46.7645191,24.7253491,89ebd5cc-06b4-4b2d-95ed-cf2dfd6fbcd0,0.1673
rd,1559267,750.0,2079,46.7648927,24.7218693,67d6a75d-0524-4570-a065-5cc9d156c439,0.1484
shf,958333,625.0,1533,46.692525,24.5531147,dcaa6ad6-50a6-4ab0-a19a-709b0af7775d,0.7129
nr,2497500,450.0,5550,46.6791856,24.8234362,e57069b1-1836-492e-ae1c-5481e875f1a9,0.7855
ml,1852047,590.0,3139,46.604999,24.8043455,9d08b1fb-ffc0-4edc-a455-8d6ed0450b12,0.7988
ml,2050000,540.0,3796,46.6156344,24.8172265,022963bb-92dd-4783-abee-d2ee2f73b509,0.7859
shf,2000000,875.0,2286,46.7001975,24.5696246,43bb0ed7-f08d-45fa-b673-8dbcc3963075,0.7404
rd,1800000,616.0,2922,46.7766548,24.7351262,9e70d63f-dfd2-430c-b1f5-4ca7d0470229,0.1433
nr,1000000,378.0,2646,46.6440122,24.8826894,01b5699f-e941-443a-ad65-8368b70bdd66,0.6693
rd,2500000,1050.0,2381,46.7569286,24.7421647,6f17c8e0-d1e8-4369-a804-4120f80250a7,0.2817
nr,2000000,500.0,4000,46.6567942,24.8854764,3d620818-3277-4c37-b75f-bd23d941246c,0.6504
ml,4875000,650.0,7500,46.5690539,24.7908522,dca29db2-d8df-4a7a-b39f-370d3b453f21,0.6352
shf,1306793,366.1,3569,46.6912344,24.5577207,dc85ada1-8909-4d66-89bc-3deebfd3cbc0,0.7073
nr,1341000,300.0,4470,46.6562407,24.84984,0bc7ab88-7fcd-47c9-9a91-9488bce2005c,0.7635
shf,770200,498.95,1544,46.6834087,24.5616557,cb729261-2ada-43e7-b088-4ab41ca64e22,0.7003
rd,2900000,450.0,6444,46.7683289,24.7295287,ed78f2e5-d36f-4b73-a7e7-d58b19e9cd3c,0.167
ml,4650000,750.0,6200,46.6165925,24.817932,368be095-b991-4e7a-8b8d-69afd17f3af7,0.7795
rd,2312500,625.0,3700,46.7589344,24.7215922,a4f2a479-0d9b-4f77-909a-0725451a4b5a,0.1752
shf,1800000,1050.0,1714,46.680432,24.556873,07bf5417-a1f0-4eb8-8b30-f819b9d2192f,0.6909
ml,5800000,925.0,6270,46.6223606,24.7971863,38bb0d56-5816-4155-8019-25f24635d917,0.803
nr,4050000,900.0,4500,46.6597951,24.8596665,8184ed85-f6aa-4ead-b13e-2e7477cdd630,0.7593
rd,4400000,900.0,4889,46.7569663,24.7399316,2caa1181-905d-492f-a54b-cf56ad70c8f5,0.2724
ml,3603700,300.0,12012,46.5894749,24.801579,5e98ff89-961f-43fd-a62a-9401fa7b3f3c,0.7487
rd,3000000,720.0,4167,46.7669668,24.7251094,dfbeda4f-3947-4b47-9994-f70c6572b1b2,0.1539
rd,1300000,420.0,3095,46.7731579,24.7451973,ca3aed84-7a4b-46f1-85f8-d9a284497d6d,0.197
shf,1226000,875.0,1401,46.7071181,24.5664469,85f45195-32e5-4335-b4a6-4896dc1c343d,0.727
rd,1500000,735.0,2041,46.7588731,24.7271199,78a0cfe3-fc86-47fa-8f80-05584ce34450,0.2037
ml,9300000,925.0,10054,46.6257848,24.7937385,9f24a6e8-31be-4b06-9796-9ce2d9b364ac,0.795
nr,1493640,324.0,4610,46.6565737,24.8485936,30b36baa-abc8-43d6-8940-b0bf8c4fc601,0.7628
nr,8528625,2244.38,3800,46.6498127,24.874893,04e09272-9a1a-40b3-953a-5aa47ed445e3,0.7028
